uniq_id,job
b43c077756d5a326c4854e1399fd2464,primrose private preschool teacher
3c2f7c555173e04db07a96b23c1be974,local
f884de2958f94e4ad417aefcacd350c7,maint mechanic
776bd5c4c2412714ed9f1ac098470aac,customer
64a597e5dd17740aadf4b0e8047b51a5,insurance sales
ced3c69d83333ad0211bb3fbb8ac430a,security officer
16b5ee3186fac7d71ac4a5e1ed704b11,unarmed security officer
2ebf5a2ebd4db9eac7af21a51b17ca07,security guard
cae88d97a69d3e02846cf725a6bb6a2d,property custodian
c12fb522ac0dfba6d041f5a0e995eddc,security officer
c15f4b346ea091cf9f024648324e692d,security officer
03d9055c2dd195e7af5de2e8330d529e,security officer
dd46255edc502947b5c43a22d3572646,security officer
da72e4bd1c76b3308978f48342dafaf6,security officer
64e4ef868d1a169474c235739720133e,administrative assistant
3b258daa81389ffd7a2d732292f63894,security officer
c77087c948753c9d9dfb63ce19d65069,surveillance investigator
413cffb197d6c65d29e2f9680bb11fef,office services associate
0ffbcc42063bd6729cbbbaf693b4073e,data analyst
7358410c1d7fc0ac978fc1ae782bcb02,security officer
5679941362c9ae9a63f7ccd98dda237a,financial service specialist
6836505807f8e30174fde3857939464a,security officer
9b426ddcca54bde1339daf931f1e9c10,intelligence analyst
63fcbc17b6a4611a156bcb7e7245db4a,it telecom admin assistant
dd276db61c2de3de56ba6e3c0b06f119,accounts receivable
0a521f270980b8558c42e7be1f6a13c0,customer service rep
418f2b0084a9c1fbcde9ae89b678cb8d,project coordinator
fa77f857712cbb9c9be44af438a1b093,quality control scientist
8a6b035b3133bd8b9c36370f1d937a6a,receptionist
194264ab4f7a15f68bd6c5a6ef407e31,public safety dispatcher
dcd232d5f1bcd9397e42a929022ba7c3,human resources
934b7af7a9517f5ba67d6b9e0fabd10e,oral surgery dental assistant
f9e7ba4ec5bf9752ad1a53ae3279f3da,it tech
2622d39cc2146318adc2c0005b8e5274,licensed practical nurse
55f960d570afef64dea32bd0dad6f8a8,dental assistant
28cc628d91426eae1b9f997a75d6820f,field support tech
d52e9899d62b3dc46d7423bce0cb1a69,java developer
7c4cb811766224f94a841dff8b985a73,clinical laboratory
79a23ea895f271ce2ae446d33c9547b1,self pay customer service rep
c1b506b84cf0fab43dfc3222194b0ad6,fact-witness coordinator
9d2e077ee9b11b366a18a22095856530,registered nurse
2e4a83db30729523da2e5b73c72dbcdf,residential electrician
0c95dd54e4bd18c0aedb0e930b94b50b,qa line tech
c6e1e4577af8dfa8e08f1b8d0fd295f2,customer service rep
6ef36c36f40e564cb5d4fcd5f5d3485c,licensed practical nurse
f70f3034ac9636ced6212b3a6fab7cbb,store warehouse associate
c7766fd8e765d733ad7398b3ecc7c525,assistant property mgr
3eb6651732c9a3bff9d16d066b31593e,second shift maint tech
2a883e4ddcb575820c04ed4be7ab786b,plastic process tech
325b212049d52c5578c1001a461da62c,shipping
fdb69072f7d373d54a18ab38aa78caae,bus driver
5bf30586ef7a0510635afe96d53de20a,account mgr
c52e6e180fad23f38995f6c55ea92bab,leasing consultant
0f1a46e77eac5a3b8c2e59cd9061ae40,maint mechanic
25fcd735aa05dc672f43dd588eb5e4e7,director
dd5c169ab7cd1245f3b6c621ce8ee394,landscape
4ddc34696ba37bb403abd4caf9be5520,registered nurse
ebbb83fdbcaa4ac81ef11d53522902c6,apartment maint tech
855f3ea298b2512141fdf8c3790128b7,paralegal
949076bf2ff2432bc05b9ec23c612cbb,administrative assistant
0b9054b9bb7965f21f72a2c42cc46f6b,paralegal
ad9c7831aeb3bc46a63c3c5d868ce254,bankruptcy paralegal
795e03921802901eb48836069fdd06ef,skip tracer collector
2699644f41171efdef672060d5032415,legal assistant
8c04f008e88380db9281e36da8a7da4d,legal assistant
9c53ba93e993d8eea207c8bf93de0cd7,commercial litigation secretary
3ba78489726a574a5c620ef77aff4ff1,records clerk
57f7bdc27c8a884efdac0e7869aca7de,bilingual spanish legal assistant
7f0bde4cbdf258ef689717d459f7ce61,legal secretary
cd7f640c71c1d8b2fe2e8bcf9ecd18d2,chinese-speaking paralegal
0028f736c2a518b2306c3c1094abe1a0,litigation service specialist
e23d54aa77bae450d5958c7c28bd12ed,paralegal
d38a437298c2bd6f52394a9179d30033,new case intake rep
a810d3510b87e916cac567d49da5ccdd,contract legal assistant
3fbcca60ea43519a8d964d95abacdf8c,security officer
44ce87c6a599fa742e344d0a7b1b1033,accounts payable specialist
18126d1a3b0a860bfbe8388be68d7de5,contract drafter
a46e3e0ae0f5c2bfdf3b80b6f2a16d09,help desk tech
c4aa00ed0fd46d5edc88ac31c35e84ca,cnc mill setup horizontal
a27802c9f415d6659bb75cbce9fa5176,paralegal
cc3c796899ec0c8894af46c66c4812da,service tech
7980cb34496ea57e85907e87b8229029,mis support tech
cad3c5b0cf23f8154134979f22e71620,patient scheduling rep
9da21086502a13bdac2c20b7ae1433a8,inside sales consultant
6befd7b2d4ce219f5c6a1d85f3849069,data processor
cba17eab3fb4a8bcfb898f8df9100a67,registered nurse
7baad80eae733c2518f0a500609c1e90,customer service rep
f415f940c6c040b5422470ed8803e7ae,orthodontic assistant
7c57ca62a50c7089102c6a7ddb835dec,program support specialist
9baf5e1ef72838bc498f7f554f0a6f30,food distribution truck driver
ea60fe7bc31dbde767a7ffddcbe41651,accounts receivable rep
46eb9b7312bb52dbab410d4a29c04563,restaurant assistant mgr
31bf0d405ee3d60a996453564dae5c23,job fair
14842a518fb6a81c460c079d0a6044fe,customer service rep
0d9395ef2a3fc1fd07237c65f7a3f815,clinical therapist
dd81c323dae9b47f356b6dea3925ea81,registered nurse
8e257518b9fd8808ef4b6f353f95430e,payroll analyst for government
5462f8860aec658144cc8fa19c69b1c0,clinical therapist
f4f51d6c82743d9ecba5b9a32b8d551e,security officer
da5669556e1a8c828d95faddf3579316,security supervisor
2c31c20e82ae9edefcc63d3426006e00,fine jewelry retail sales
ba923c5a4a9b771398d1da045cc0fed7,executive admin assistant
9fb1fc555eb821385542e657dc8211b3,warehouse associate
ea06729578e271c2c0492a5d776c3af0,rn
066a19ae2941c7f04d4c938f8f719a48,service tech
c062e14700e5b40e3070ae93a242ae09,maint tech
91ffbe4409c0b7bbf2cfbea5ddb811e7,landscape contractor
1cea7eca5c28ed3317a2fe7b9551847b,maint tech
3beb9704d097887ae8b1375dd8b79280,in-home service tech
81060b45425248b64bfca6f6e321445e,shipping
ef4bc09f3a8e068af367d073d08fb1eb,production st shift labor
fc2123eace612e13c29eb332e70e32c3,machine operator
98dc2333ea6c1311fa73863b0690b495,production operator
4de53bc29bb3941ad473836047c1511e,diesel tech
8c59ed24249a2830065f7ef0eb1410d0,janitor
070a4c9b300bfa0dd4bd4a0c5ad4a443,low voltage wire
4ef1dd4a35dc0df2ce08adaf55d8852f,material control specialist
4863705d8b802580fddd482737af8668,instrument repair tech
ed9e90569bb19e855fddc5dab46883d9,field service
82f440874b2e58d2a5ffcff8f4440a9b,temporary maint worker
d740d76657125fd2e37828c9c4e9eeb1,cnc machinist
73fb69fe739b9895d5580398811a9e16,maint tech
806c5fd653484094351f76614287b827,custodian
ca53fd8ed240f29cfa0049b0982d9e0b,auto mechanic
78d155f793fbb916e8f8c3bb2364573e,production assistant
41a95c3a2bff561321831d2a39c1a3a8,machine operator
a07b2c9fccecdb6ab921ea5f681cb254,print production specialist
e64cc16e946d3d6bdca6138a2800dfc5,maint tech
f8f312f787b052e7d53ce3d1b8414785,wide web press operator assistant
d9e32b76f32064c05cf0e1fecb2a6e5d,sr equipment tech
473f73105a51468c40af9a0ba0c51b7c,field tech
a6fa6619a00273209b35d9015bec539b,landscape crew member
d48d8f34e57fee0bbe130e9c2ad497a4,assembler
76ab03a55863d2eff2480ad1294230f6,commercial service tech
78102bf4c74e0ea274546ebeeb1a4837,electrical tech
af0f82e6acefaae0b15b088fb92d9c30,automatic door tech
bf664c97babcd4e8da56248fc36d294b,maint tech
0e04a4bce919614a93d1822cdad6a28d,utility worker
ee85f7480c7ecd20c6dc2fcb6df77fa1,facility maint
e73f13802dc00f31c126bcaa6df3704c,manual machinist
0fee88bdb184c0f01f61a350c4feff23,welder
1470f08cab8b608f3e42291950a27917,machine operator
27a2cbba43ca161fa44a786e1430d60a,packer
43e517167de344f0c6d8eafa5aafcbd6,machine tech
869745dc9fc0d980a50b612e4926d74e,second shift maint tech
e7530cc807f461c893a7f2bd5538fd8f,wiring tech
e852e299aea1462395cb8a7978d73bda,industrial mechanic
1a751ac2f2288ef9798b8f0ead53eee2,plant operator
e477962bf72ce1310d1a7cd9672f5f26,machinist
3e5d4c9d9c32e4062f537253cfbbb2b0,machinist
1f6964058536580adf98978f752127af,grounds tda a applicator
aa0225399b855eb6fffe3a5bed2bf321,automotive body techfunction wrap
9615e902c21aed90eeeb7ab77ab6621d,plane captain
2f2caaff0a9c2aff5793eeb20226d967,bindery tech
7163312607ae4091d9713a023b230d68,maint tech
a4bf249af9bd4c5032e2e488f9c285af,it support tech
eec4c69e736728365110ca3e2dbb77cf,production line assemblers
c11e9e7f1c8706ad0fb03896cc8d20f7,lab assistants
160b230699f7ebdae71a91d1afa3c2ea,production worker
d378f5c5919348adefea49a7df6bf79d,hvac tech sr
387f45b1c38a15205842c67f89575c53,production worker
d953f4c09562bcd035a12e0ad25528f9,energy consultant
237ca60833ed27b041e2082d526bdebd,package operator
df4d042234bd4f290f3cdb15d7137305,yard worker
73c03aad368ee4c41b8e07b01ccbfe1c,industrial maint tech
7a3ff141801c11c517293f59b9a435bc,industrial crane tech
2a3a9eaea43c92535d6238d9c3008c98,electrician
7cfa7090e742658eba743c1285496f8c,welding robot operator
6a4539459d7a807eb11ec29fecbf2118,material handler
d858514fe2b7f3716ac4ceabc5118a79,machinist
037404dbbdca9497c9e2cde9bfa49a4b,electrical maint tech
98d4efebc0bf0f76515638f55ad1e868,od
6afc908b9f7fc4fcb70f2da6fbc5fbd9,automotive mechanic
7352259d268e1a965a061c6ed240998a,edm programmer
ea99168bb6ab84cd8f6b4fa888a54154,copy machine tech
a1b0b961cb28eeb777609c5ce001a626,hvac installer
c2aad777cdbf9b17f51b5d43a8b83018,laser operator
898316e1aa148644ddbfe174ae4cf4e4,quality inspector
c54837b8788ff1137ccd63854198ac52,metal shop laser programmer
90adc0b045e9e8a20f5a8a810ef71d00,high reach forklift operator
56b387441ccb7ce201085c2edf237596,material handler
9cc42e18df19f9ff9828646ac32a7b6e,material handling specialist
a4590a4c03c14a97d59d4e2eb6c388dc,sanitation tech
f4ce378e395d830f6e098cc1541e15f6,cnc operator
582ba3b961a5650c375667c899a60dee,entry level campaign
c73dfdf6a5e173989d223a8db2960846,material control specialist
6ab8f9e0f777ca69ea8155a23b59478d,st
244e22b8fa50615e945a3af444d70d25,xrf tech
89533800eb5bc994fd4a9be54ae2aade,cnc machine operator
1e6e45ec6ca160fd35e79a534bd70c4a,assembler
8551d8f09786521497eee9f16b552252,assembly
4002b5f4751e580798785a3aeaa7b770,assembler
04b4e45258900327d31796b888e3d76a,assembly
47fa9fe015a2a2ab11cb6c1a69ed7780,cmm programmer
cc91e9d10308a6b04388b7e0178f30f8,warehouse associate
6a21ca0d9235754af676d47193dfef3d,cnc programmer
dacc955f3e598249788a1bb088862eb2,production operator
2ffd0483c057323c604a47b930209e0e,cnc machinist
28c0e67bf16939253b0575ebdf5bdcf9,cnc okuma setup
aa4f4c925e50eb9b3f03bbeac144ec9c,machine operator
63d20159288b240d0dc122c2999409a1,hydromat machine operator
2fa707375efd2a97b148303f24431b1d,experienced cook
a05e3011e0e9e9baac8bfce362862f8b,open house
3eead86e9ca96cb2ea868aacc0e186d9,asnt ndt level  inspector
13f47e512a07cf5f3212e6aaaa57e94f,st
83f8c6265da4915cadd9036c1ae5506f,production assembly
2275c4baa092aea3d40cddc18395746a,mammographer
14e23705bd3a3c60f86445204fe26227,warehouse associate
416ec465145dd30e90d6383c5a174e80,customer service rep
577a46b24e971199db71494d1fdc9268,retail sales
236794b6c4dcc039f66496afb866a29c,truck driver
75bd82922c193f620f58f12bd60426a7,customer service rep
00bcd9613e680f2cfc6f92669271966e,customer service rep
a039fe445fa2343bb34a27efad35d2f3,assistant mgr
74f3ed7bf81562afaf7cc903a977c8a2,teller
a6953e55f5fbc082e19278afa186fc45,foreman
116bdbb6627bb83220d5a8f25fbb856b,human resources
a4305a008240691f611f766a48540d9d,it tech
3dbd7ef6202c11ba399aa0bd426f6616,it specialist
1286b238eb8da1098574385ea5291e2d,paralegal
55fd709a695127824979a32bfd56a184,fact-witness coordinator
d4a46a3859bae0c990f9faf9bd8e6867,legal assistant  at usao
c460fee9e4824660f98be4e126486a97,paralegal at us attorneys office
87de8c9a168ed1cad6f76a3fc6c044c9,administrative assistant
df56b7587aecb3a8cb9caf54807fb9c3,electrical pm
e17926529117b18a2595a60c14976c85,quality tech
7ceb2b530e52f567eed25327e675ee0f,auto damage field inspector
772db46328f9c948c1996015d9fcc157,sr quality control tech
51302198be91b50c85f0f0991e320dac,quality inspector
f15776ddfc4c3d898dcecc51ca491500,auto damage field inspector
d7b13cb57dc21449b37de11cb75fe2dd,procurement analyst
487d1a86303ba36f58c268eec3d843a8,auto damage field inspector
8bb6068d9df6ddad84ab479b3717c5f2,auto damage field inspector
3767c73847f8fa490459534973d6d5f7,quality assurance mgr
dd832bfd7a217ddb3dd54c19106d96df,admin
e06cd980da660c08f62402090d85a41a,quality assurance tech
cca6d6214db6c5a1c368a7861f7d47d2,quality control inspection
384a0a59f73a6a965e6faa125f6020d8,auto damage field inspector
088ba4c396a6bf7e0376012430896e16,auto damage field inspector
1a6e5d548a6f1b9ac87c1aa9f82e66c3,quality control inspector
10f123d2414fadf6c63eb375d57ec018,auto damage field inspector
093f6927a299572421f589efe4bb2865,auto damage field inspector
f6fd0b204dbaa1fdad65f3e0128c4ca6,japanese-bilingual cell-phone software tester
9f35a4b51861a17e269f8a5809a41c07,qc inspector
fa06eda9ae644d04d98e8aa23403210c,quality inspector
fec559045c598dc44eae40a51901c094,quality inspector
36ffcec8a541af53174f36b98c3d5178,quality control inspection tech
d60ce7a901d732154fc46ed2696c2044,operations
41275fe7e683274dbc914849aa4319bf,quality assurance supervisor
07dcf3d75e30dbbe572892d6358761ca,quality control tech
8cd26185ef220a04e654cffc274ec176,laboratory tech
f59409db81445160e6f6fb82cfa50ec7,scientific animal tech
7b5b9e57bb508c966d01ff5f93ce22ce,research assistant
bb48d617119f648241dec3b7ede208e8,quality control tech
f8b12e99d4175917ddc4756f22a78591,auto damage field inspector
919f2bdc1e760f206949ecaed798997c,lab tech
17212ad1b9bcde873f9e5812f71d0477,sr mechanical inspector
98eb6713f297b5319ece02071bca5740,quality control tech
fccf4012716b8170f93db3f89c0d5049,auto damage field inspector
fafce7c52727c078f9539e1af8cc203f,code compliance officer
ace03bd393937e04b5beb164a33e6956,food technologist
ec7618de085b5577adf9497cd31d3209,quality process tech
dc207770efa43d6aa4e1e041ced488ef,qa tech
5e77ca20fd5111d0debe189fea9c18ef,accounts payable specialist
6e83cea8fa090832ef10f4de01dfb0d6,bilingual consumer care rep
7ed06461a63138420955b0285d506c8e,credit
b37f38cdd23117f7811f25b8c94851c1,loader
2cc911a31c782d065576af7e564f4e73,freight handler
51c02f5d13500b01d06eeb93ae2b0388,maint tech
6fb9398bde783525842eb337e9723076,aircraft mechanic
f7735e942569c832bd6e949eb644bac4,steel construction qc
872c192efe6941768f66a03249a6ec05,kitchen mgr
5475f83690dd246be46bcebe2d0cc30a,ophthalmic tech
85e6ece8c84a9991e6c62142cd583287,hotel breakfast server
935f503e88af4aff547f67146d135247,assistant restraunt mgr
490cb69524c50bc58eda9fd801281a3b,assistant mgr
b14b4903add2f5c19a9df6256e4232b1,live-out housekeeper
79029e803c3a6f18ca8f076f527c48a9,full charge bookkeeper
f8212cb9c949ffe42997911146fb3225,bilingual consumer care rep
41b2e4446fbf2ae6db7100a43e4d7142,housekeeper
cbdff75265ecdc72b9eace10a8d7ab6d,housekeeper
a2ea7ebd69c92ae58fa95027f6f0be6f,service tech
a0ab48df33bb20c7823c3b531d2cee37,field engineer
31a7e0402b1aac83dc457ca634d8f6a7,housekeeper
d42846edf3ea6f8565a4b4dd5c79b0d9,warehouse associate
33392ad76a3f23eae720e58556b560b1,entry-level food production line worker
10812a6bb7fed6bcad43ca09e645324c,field engineer
014e5f9e987b29a08f2e659577d36a7d,electrical maint
ed84fb8c75685e11f5d052d40354dca1,warehouse associate
d511453542b4b21394d1b8c8059982ea,entry level financial analysts
901ba5513bbd3c26c5df42d39c11f68c,entry level financial analysts
9ed6684e819100c21884ece64f7d1ccc,entry level financial analysts
fdef0a8710623b98008d3d3f0d7906b5,claims adjuster
3fc2cc0891b7d1f76beacfcc6a670464,it assistant
35202b076a07729718ae6a1c536ac7fd,telecommunications site switch tech
c486cae7c4c1105a85e50448fb9c0dd0,licensed insurance sales assistant
6ddfdf91eb991d9d31f3cd2ee4492eb9,customer service agent
d0eaf54073abfd478e0a5169be648b7d,floral designers
3eeff759239bc9413543be48cbd452ae,corporate staff accountant
7e98a8a7ffa89ff9defe37af90bd0044,administrative assistant
21e4e4e4abe17e676232f59c31dc6273,customer service rep
bb43960ff389f70ce708af03f9600253,diesel mechanic-class a
dac6a67825cd39e515fea5b947c076f5,customer service rep
d418d89feb87580cfc0e5324d2f650db,sales associate
ab3d68ec8f9d2a3f4383b606c463651e,crane maint tech
5cc8adcbadb28c5c15fb66764f61781f,accounts payable specialist
a5e26e512792daea69370d6be595f076,forklift operator
61658bba43b5ae592e608f671e100b8a,maint mechanics
32d537eceabc91f596285e93c8470549,shipping
f2c40301b6010843f83f94f9a3e8388c,bank teller
2365da018c401acff8f710066a25e6f1,facility maint tech
c9c8ab62a4c398c939da5dfc2778fa52,lab tech
a6982eef2efb9170e364a5463c1fa883,accounts payable clerk
e9bd6558949559cfbb2ae89b053d8f6a,receptionist
156bea0dee3aac4d26a57665c3fd7dbc,paralegal
55c07b3764ebe1724b9803ac28b3953d,staff accountant
e92740a13c8eae7fe2a61afb58d4083a,warehouse associate
1047ad93240e9553ed2fbe0081225de1,commercial collector
1c5d309209f42ba8cd5b46e929d918af,administrative assistant
069154651b7d653c6f28a9ed76e07ae5,sr accountant
c906e2491ec60e0c30420c1e08d0aaf0,accounts payable specialist
964cfd4f426dd8d8fda5f9639bf362c3,control system engineer
a8b159769ba36d304ee0e0864c4c99fe,legal assistant
3c452be89fb4c0446ead6afa25c2f29b,sales rep
f3176864ff48254bbb9f89cb767fef6f,jr population health analyst
fa892a07bdb389b624e46cf08031e0e2,hr assistant
eb95b954cf684d498352681b61c98a3d,security officer
adeb6c1369ecbc283f74e53b655440fa,accounts payable
25ba49974f8dfecff92f07256995546e,commercial collections specialist
51b828d286b4658b60916b731e1c745e,medical cash applications specialist
308d673c67f21535479f7293842a7105,general laborerser
a4fc40b07872e74b88498205970440d7,it help desk
ddbb79aedb1a79a5a58f814a90651a38,bookkeeper
1ddf8ff7f0680ea8da11a10e79872b63,office assistant
fbd8a5ce416911bd115fbfae7b8e5ab4,insurance application specialist
842036774642cc51c0f258e78febb12f,certified nurses assistant
28d25a38c9e40da508399c1d4557b1d2,sr accountant
3d16cbabd7ecf4941ae42b65cfc64cfd,community mgr
094b28d95d9f42493ae4ac797509d1ec,accounting clerk
57332f652c5fb404730b71279dfb78a8,level  software techs
cfbd9d6099947f9fd69551396eb4e159,technical support
caf60a1995576c6aff13ca8f7391c0b6,admin assistant
4c49ef2844ff23de16b68c39b4e9819f,sales associate
bc6f215b3c65b1abb034f6355e836a78,leasing consultant
675a15aabe4d032fd5a1b2718401abbe,patient scheduler
62a164021e9984309600b8aaff31c4bb,receptionist
0fbaa7159c77faea338873d0427785a7,warehouse mgr trainee
13f36c10dac5aad99fc3cb0c48e2b454,contract drafter
98609b2d31940bb74561c556c3e68159,certified forklift driver
4dbc8f4aed6e0d40b59866342fc3452f,truck driver
00dfc823d452a3ffb9166909aabfcad4,route sales rep
366210bcc9b329ae697b0b893c9598a2,medical assistant
53e238a390178ffa3874110b0c74eef7,certified medical assistant
94d19a7b08f942753576110be835edf4,event billing analyst
75c8e3c8ec71c4fea7771fe2197aaa1c,nurse case mgr
2af42b8a2f6bf6b4d32e02f34a0a748c,pharmacy tech
8c51778bbacf9a59973bfea006409558,server assistant
1c3c9864320f7e824ddfbffadf4adf54,cook or dietary assistant
0ccfeb71970d30c608c7092180794159,shift supervisor
d0bcf5d6085df79a6f90cbd384e7041c,sous chef
567806899822a46c33e52efc60aa340f,licensed optician mgr
8ccd4b369f16f81d9bc3699f82c20139,lpn dispensary nurse
90004f92cc2cd616c9b0b6dd27cd4cfb,pharmacy tech
cb998901b1622ada3269a35c04d62f0f,hostess
e0811fe23ca293f1fff1156c9b3272c6,rn care coordinator
9d5b1e4097aad5deecbe9dd56efe5cce,lpn dispensary nurse
5ebe818360bf97200da523b651ca9e9f,registered nurse
0dffd79b9c62df0d320a9fc2a342cb55,line lead
eb634f09dd18b6e325b8f751d13c61b5,forklift operator
6bc779545fd3a34a555f3053fe2ee568,accountant
b6c1f959f28c2ba0d531daac4cac8377,receptionist
ee337f8d7d8c16d7f290dcfc6b77d3fd,registered nurse
2574e9bfac6fde1f22919a6a897b1da9,office assistant
d314119e7ec0fbc4d2f33869fae914e3,administrative assistantÂ
2f500face3510091f424b01bb98a42ea,administrative assistant
d602dfcd464a5322c72800044d9d31f2,program assistant
eaa0c386c6ab7db8e479ab604fbae497,administrative assistant
a8da2752720748931f918e71d1a69dfd,administrative assistant
85fabae6130f1ea53bfbe00440924356,data entry specialist
5b4ca59aa1ec10053a263ebb14d64419,part-time administrative assistantÂ
462a8071a5db53dcff832463c4d1b5d8,administrative assistant
e337bd0b7408115e79d638cf39ecfe10,executive assistant
e176ee6e23960bd708db47e9a8aafeee,office admin
ce02c2527042e3110631818f1c9f3d09,administrative assistant
02f87515b55303349bfd970faf86a75e,administrative assistant
62bc3d345089646cb4ea40c1e3f88860,purchasing specialist
5f2158dca5e8be917e75052570d50f4c,part-time receptionist
49daa33db5d06183352fc6d86dd5ab41,technical sales support coordination
ff25e243c7d62f64b7751cfeec4f983b,payroll specialist
d0e9496ed5c55027bace76bb872f1fb4,emergency medical tech
dbb4d035e98abd5d9e9eb392949c50d8,industrial crane tech
404072054a6e6b69c4f2524f1308cab2,hvac service dispatcher
b402e5df18b49e9692d89070028d6cc6,warehouse associate
24227f14c02f43862d83089d3fb90da9,accounting clerk
8512cd2b1768232952848cac078f494a,experienced machine operator
cb9eaa8b9f1cdf4032b73857ca45142d,administrive
21ef022f45ac83c6b2aa21b4d63a9b17,commercial service tech
240439cfff15715c5fd00ec3f150419e,call center rep
174fe576a2e4102498c157991dcd38ea,dispatcher
6fed8cafd151e198a713a8e6ffae2310,chemical operator
fee44da1aa910d621f179d89be53057c,systems support specialist
bcc9909fa0e41d30a9bddc1a7ab4cc17,customer service support analyst
5310eafc4a142affdd10ab50de2c1cca,chemical operator
b5838e6822ee1ffd9174d41ba9ae7b9b,auto damage field inspector
4a65f0199487728cc762abd524237360,warehouse
292810c8b37005b3b49f84c790110594,journeyman electrician
40161cf61c283af9dc2b0a62947a5f1b,electrician
d8491fcefe14d1398de419984dccf427,superintendent
779bb4c9bf038b7fb775134736d36fd4,sr process engineer
eea9b50afc4fece9f9d6ff0dbf659784,japanese
f15dfb5ad12ddb6acb8a26eb04f2220f,upscale casual restaurant mgr
ea722c991c6d3816965702948e320cb6,commercial lines account mgr
84422981a6356a19a6a4b53aa460e028,designer d
55921bac6a43cc7665dc240466d9a625,customer service rep
2c245cd613ea74d1c076f8e027f6d734,sommeliers
c8809c7fd620d50614d601f3c49b7e52,technical sales
78fbaa3187a9a3d213408fb85d083eb0,sba business development officer
047c53ea5122a2821a134586256dc36d,superintendent
4bdb37e7a38b977ab6fbf4f57b03b603,drywall estimator
f75e9acecdad3e7cd7671c972d745991,entry level customer consultant
a2ed60800e7ca554b4d23ca32680b373,packaging engineer
ff0a14d110ed158f7177fd3f7442689d,jr systems admin
14d9601df689d69c56c2be5577dba06e,restaurant mgr
4568dd675bdc64e595cc413caf9279a0,director
e806d0f6f0bbec4cb0e705d86d5630ab,controller
854a8a7b7b8226fae9cb9b730425bcc0,staff accountant
e4fd4ae8f9f69d0290c06438961dc5da,shift leader
78f96a7f675003b3c0e50bf0bbac510c,sr internal auditor
7c6a1a012e95dfa70f1178be5e1c3de1,bookkeeper
7afdae7c18d8ef122681af8cec321fa4,financial model validation
2b4b16216b877a71bcdcac9ed7b1de0c,accounts payable specialist
5dfac2cf7d978461bb25a8a7778234ab,outside sales
9de51ea740d55dc4602189b6b0d09f83,front end developer
89e871fb48f800e07482a6ca72f59a99,director
9d8ddcd34d1bc9b1349e7403f45337ee,system admin
6dd2ba3369f0b5995556150b3a564a4c,inside sales
ab84ec8b0b261ba3b7dddc4fba0b3a2f,corporate systems pm
d6ddba6bae6703c5ec85e2488c58e7ba,assistant pm
bd2e77c8a413477cbe9d86d1227ba9fa,human resources
e8f478b2037e5c7a5b3fefaf39fb8fd5,pm
e32f1c27c5768b0b9f38ccf79a0e261d,director
ce8ff6bac8a4b9c96e4c2425e510fb7f,sr telecommunications tech
0afb67d9cfc255e9136518977aca3029,pm
924a707ac0d922ec873faaf776cbe098,sr sap procurement analyst
0a46bf6ab4ec3e5e6be1c9814fa05296,jr field mgr
18a51f585e2bb8905620b32d0b63a53d,as
392a70570672a9601013608fd1a57302,system security analyst
905796b5a94a95cf56b3868b00c8ab3b,quality engineer
0ee6822c0b9959993d2939a6537be1ac,quality assurance mgr
c90b41e54892bc6d6d554343f9ada091,director
7dd02a1f945bf4ae989e79e2ec156485,quality engineer
847af8d753393494ed4ed48332f6749c,safety mgr
44d7a54634a2fd51a2b04df0226a8d33,quality mgr
d823104003fbfb660099cc70f5b089d9,ehs mgr
b65140c55c87968e209479c659464be8,three six sigma black belts
fee078e22bab8a44042905960ea6509d,grocer merchandise consultant
8f95b1430c9de697b19292d2bc0ff965,general mgr
428d670288c3ed40f0a49ba0da3731b7,linux admin
ac43b6e07ea3cd1880c59801d3b538dc,pm
b5e367faed57b79b5362888771ed5f2a,devops engineer
cda5b1b59cb1103a5fefdc7dff80ec22,real estate mgr
b7baf0165e3c46d785ddfe7dbdc70bc1,claims supervisor
d0ae041c4a3a4ffff83e64b9282a0cc9,sr java engineer
ba943537624ee615672795fae87a76c6,restaurant mgr
88eeba1f8069459b62dbe0be903975fd,sr pm
734d8001b0df3221370af607fbc2297b,outside sales rep
d95c7a4bc45912da24f8106d8d712fd6,marketing mgr
0e16e5d22e066a841a4955a815b677fd,market research mgr
60d1301ebeb2356c404ccfd797235254,jr analyst
c23aa8865b1da359f461d7e31a7c46b8,product marketing mgr
a342cc64affb6e2f6d0ff5ded4c24b6b,iv
7bb56804f65b59fc34b1c91581ac1424,social media marketing specialist
5cd452a9b24f75e20dfc4602efca77f7,pm
9892ad3ca76d25dbb7a7ab29add4d947,healthcare superintendent
0463a1616785d05792a4355c0d6bb949,applications support specialist peoplesoft
cfe2bc9b687fdcaf1113a9ee67c53756,commercial superintendent
7d27333576a944976f5eaa9d89ae4cbb,assistant superintendents
eddb61c62fd5b9ccf0fbcd01ac06b101,nightclub mgr
ee5d64ae4a51256f9ebfffc9210933fc,mechanical design engineer
8a132e2332819a0d7c1455188c369310,pm
43ce80a0d04b35a2e8b81e06a20682d7,human resources
23d67417510ea2d55a562170db09ee4e,advertising sales rep
96924878babc0ff7a39630c703a5da31,sales rep
c4804d0372b87b2b55ab6ced15adfc7f,outside sales rep
8e511acc9cc5d711628b49a893b5680a,advertising sales rep
103054acbf25cc906c258eadbfbd10dc,sales rep
9e6885ad7ec17adbd451bfe649c3b92a,mgr
8c49eb80ba0ecdf5cc3675fe342527cc,general mgr
3af41adba2401ec3c3c386b650facb12,roofing sheet metal superintendent
e117dff23b8d05697efdff82c80a3396,general superintendent
08dc201caf916d23d127bdd9d8b9c821,waterproofing superintendent
96436755de4c86de2ccfd644fb47f782,drywall superintendent
8ace4e6146867ef032b412025d8b35ce,medical office receptionist
54f6b5513416d7574433f1c24e622774,software engineer
3f7c6ea637b9a17c3a80299c605e31b1,certified massage therapist
d8a8d7940aee15e60c862ef0c79af98e,network services mgr
c16c0e37e5c50be7eb3e4a1608960298,pega experts
a8002d8fa0781fe912a4283a3f7e7ec6,substance abuse counselor
4b302665e9ec6c91ece181c280928bf0,service coordinator
f1332548d6b4752cb3d44615bd80df7b,rai
3e1a4e94580573a172580a1c24c2a3be,sharepoint admin
0d680a8f658643529e5f9a28318770a0,database
c1d15fcdeb3f7aafd81202b98a7dd7f5,psychiatric mental health nurse practition
9d0498e406d49f7a3c83872fa43d030f,application analyst
ec1d84e54420c8b6ec3f530cf3a64596,devops engineer
a5eef60f936881edfead8e022aa61ba3,sr systems
98a1de7a0d2d46515c623ed422d2da81,rn wound care specialist
636477ce76f63baaa8973b99c707ce88,principal investigator
5be2a2913beb77ed94bcc80ef1d342ab,desktop support
27eff1a7eb682b38e45d1f2a989793ec,linux systems admin
55d8058b252812bf3644ecac39c5994e,it pm
0fa62e97235172b8c4374cdd80e7e42c,speech
21d665eedcbcd45f6547cb5c85d3ae3b,bilingual information technology specialist
75a66c60b2e7bcc2f99785727494d106,labor
79a66722eda578333e33d8db58d8ef2d,laboratory tech
60300dbbe3f9f1bf143160afd90e65f6,rn for home health
71ec2c3098d9c7ded522ce17dad90631,sql developer
6f3f55d6a28fb95a17bb225dab60bb97,mgr
541fca808883a25448bd8d386eaa92f7,licensed independent social worker supervisor
e4615cd0017fbdb694ab521eb6b65d8d,clinical resources
5d39bdcf378a5f77bdcc16ea94532104,net software engineer
4ca9584025215731362c0bc3a3424a66,systems admin
ec18d7e28cfb2588a9f91f7f2b58caf2,c
fc85f7419d211b44a1abd255aca94700,sr network engineer
ca43e26b5d04c3c428172f8dbed915cd,sr pm
be59dce40aa804b55e4f9e548dbb8236,physical therapist
9ffbc570cb18b581b6e834a936d12866,technology specialist
4bf050240a5d74ad92dc1949b1a69214,it admin
b5dee2e745325b317100524f5861c978,financial analyst
b995ce767dd212ca49d37948d8730294,accounts payable lead
6cf4bc474ae3b87887eeb41ba96bff34,sign shop production mgr
0efc01433da4c47102a3bd839ca7f86e,manufacturing engineer or manufacturing engineer mgr autocad inventor
7f3b8f8b99d315caa95f59947250c876,restaurant mgr
dc79b09a22f1498fa7703ff13f178402,licensed agents
2fd3b3e4122a3053c8d636195a078f44,director
42907ddcb58fd34ea94a4f81626f3a7e,advertising sales account executive
c5fd747ce0f2607fb8199020845351f4,advertising sales account executive
4e108fa7a704384a4ab6cd0085f2fa0f,it pm
e20f4fb8cfffb440ab5c2a187468a375,quality coordinator
5485540d9a62e026d80f64678e7e3dee,quality mgr-director
37a5074903aa715d9a9bbefe7e83ee15,lead electrician
d21365d34d5d014ce68c10da98599283,full time
5ff914096676c5f6036fbf8bb4b20092,full time
0d2781eea5d823ba20873124d4db3a84,process engineer
2010c803f900214f8081d2708b55ba9d,finance mgr
4eee9da00cbcbff2acf1a277d5126c00,full time
f5669c02c62289cf00a49327220cf1dc,finance director
e4bbf8d30f0da42854e37c1cb8f16f6d,sales engineer
3935c50baa73dd14f38f26476f89937a,full time
7f36adda8f7c08a7186fc1f259e9cb7a,route sales rep
7d2162e1a1ab79be0cc717615656559e,outside sales
e64354cdc827e021ffed506ca5fcae5b,interpreter
8dcc62189e812552ba2633b80da9f39b,sql developer
438f3e5045c633ba9156bdd7980c2fa6,mgr
b8cbbfce9cebe45e9fe90d893c980e2f,account executive
ae0108585172fadd02f3d409db29698a,regional mgr
25da00439aab35f61f4a86560012cc82,drafting mgr
7cab48a9e21fc5c781878c2e581be4d2,full time
04911d47eaccdc2e90599bbc06943484,full time
7e11f5a970db82f18120f7359ba07a04,site supervisor
4560f711ffa942dc3636c7036972fef7,testing engineer
82c9e8e0375b032893a95f1f3977d219,japanese-english interpreter
bad7540f6ad3ba2d0821d74c66812015,terrritory sales rep
94ed46762e5c0aa1e6eb2be90512c6f4,sales
0fce8005498e49e6a9b6dca88ce9f4bb,full time
eb327d51bbcd9fcfe31d7e2b2c1bcd78,design engineer
003320374c818cdfa1f3577dbee822b1,outside sales rep
493991b6559a80941223eef3a7e5312a,customer service
4296ee99cd863662851595094abd76b0,quality assurance supervisor
9044fbb1e43bf44074772e265f3b0d22,pr
8e8a5151630bbd499423db48e4b686b9,full time
8b44b1ab826d81a2ef1a029db4b2eaab,java software engineer
4310a0a1edd912c444c5905b12e54588,sales professional
e97b57d28d6afebb27ee27f8a9c6fb7c,store mgr
cc8120dfa4008abca56f3a1fd0245279,full time
285ef4b8e2fd0e7dd5385ca2ec71b2ac,quality control rep
e92c7200a012169a2e999ff92be283d0,office mgr
35e4b48f29ca4287d7e0a728a9071a5c,recruiter
b017a7a89c2128f3e94529d589ffeaf9,material handler
f86d18efccf9dcad85163aac375f1d5a,general mgr
46b2ca4c4f1d4db3eb67fa0660f5d919,it auditor
38782538789e5d67fa4f5cbc39c7e449,full time
6859589d9949d5438c44fcfb64ccd9ca,accounts payable clerk
6efe05ce49cd8504141658b2fa1bd4b2,human resources
524694fa9fcda963c4096cd54a30a16c,word processing mgr
68eb2f8f2c79570fc5157e3c16104685,bilingual plaintiff's paralega
818a4fe45820de2ede40bd07d5803533,desktop publishing specialist
8de14fabe31adf886f28beda2db66df5,legal secretary
12dd42c4b8214d1271026673d5476c2b,sr personal injury paralegal
89ffcf603dd8675208dc7c6420fbc05d,contract admin
ddf7d912ad8905612a3c821567eea512,business development mgr
19829d9b8d47696352ffc5b636f1774c,paralegal
c8a33fd037aa527bdfe570ee2b658b1b,executive assistant
348e8d19fc2a4c93f85c05a62e57b0a5,paralegal
da2b47f5607cb3006d5336be5c34ef37,legal secretary
162125b203d542b8530e31e86c895e21,controller
7e97a869ad4ce2dbe32044b4608125bb,legal secretary
b910577716595e46d62bc225b01b0b39,legal word processor
220dd2682a1bbec19f24f404b21765e4,human resources
9c09cf809908aaa57d206644eb0b1b03,legal assistant
eb69857caa282a524cdff70a752fe7b1,legal secretary
6482708924332346ee5127a376dba123,receptionist
6b40da148768dfea001718a6f94d082c,bilingual paralegal
a4621ae72062db71a03852a6126992e3,paralegal
6d9bc010f3e900308996d0b9a2649943,legal technology concierge
32206627290837475a2651eb2643aa7c,paralegal
b616035b007183623fcb38314b89f556,legal secretary
3f84fdd8d03ee04d19438b68efc6af61,legal secretary
a5cb295eb93a99849414a004b5861537,associate attorney
166f060a0140cab6c1d103dbd7359d0d,billing mgr
0496fb603dfba98efb47c9c760538755,paralegal
ee7d6ed12eb0a82e6232f83fe9c69544,legal marketing analyst
d722caa097dc42aa4217a374f73ec310,litigation paralegal
705da6c7ef221855787b89d96333a870,legal assistant
6c4955e50223ad22c93a9e42fbf7676c,legal assistant
1024cbf1dad274cf0e28efbec29773da,paralegal
24a014ea7cfe298640ef98f25ecebb28,legal assistant
23fd1c90c67d0db75c69894f1f6c7e13,real estate paralegal
ea04280cb8226e56696d57db139038f0,paralegal
d1bdae2085e7a83d01841432f5d86604,personal injury case mgr
3e5a4e3787b89c14c14056eda0bd6a85,case mgr
23a019013cb9f97a000b4622a991aa7a,patent paralegal
0d0cbb032840156b6366552946242239,legal assistant
7375c790a07a91acb1b3cde243d59907,corporate legal assistant
4a9596f5723efa2543d92a4fbf7f371e,corporate paralegal
af10a2e09299eb86833c283922e5c71c,sr accountant
de2de84ed2993c388c689d933f37cede,it audit mgr
4464dbb0b235cbedce71c8a74275b414,site mgr
1061e1dd6a1569d29f4ddaa07a2c5fa2,pest control tech
21d5571cf204c6ccfe605f84845ae3b4,entry level plan consultant
50e29781c2d7553d2a562ced8d952a16,maint mgr
6e42238178d429d1221bdf8479ae2fd4,sales rep
8eb5ca0968e26e478d1244babacdb32b,maint supervisor
6f1ac556dfab85594ed7ee2df64598d6,electrician
23c3c86503109cd542dbe0e1c286a29d,construction pm
0844284b0c1db66d9c371eb3c02e54f7,landscape constructions operations director
8eeede68c8f3bc82bcdded69054af245,industrial construction superintendent
6e496108a22aebd4be0fc7b426b29f37,instructor
d21f161b1db206355f8057d5f66ad3a8,commercial construction estimator
444c1d3bc995d6178f35461982bf3a13,automotive tech
9bf406ce3ddb2c602edcd7ef1b996bd9,faculty support specialist to k
835885bb784eac6fceaf183c0cb76256,accounting mgr
c79a9679a8c20ac6c56ca777fe88b1b9,front end developer
4f79e5e12fe93b8c5b75cc61e85edf90,project engineers
1221b3180dc9928b6d0c7d390e589b6f,sr mgr internal auditor
541518b679abaf4a392c06b858db690d,project analyst
b882a29dfe6f25b8b7b93660841830d8,claims supervisor
def7be7ca157a90e35afc8cb8c75119e,architect
57e7ef5de743d10c4273cf6a1ac0364a,accounting mgr
8cbaccae977cf59ef42355dce8a1977a,associate warehouse mgr
7278883ac9c83b8056c01a09b2ebbd11,accounting supervisor
b4d37d3e89a20c4bac8c13895003228b,travel sales agent
bdfeeb6e8acfebf470d293a2f9be0c7e,assistant controller
0bc4383cdf0efebce22c0bcc5907a156,las vegas field utilization review nurse
12a57e5fda26b6e9915922584b9be32b,supervisor gaming audit
8256669ac4c16f566caeb2851ac8f412,sr mgr
236e7b65e9912fc733c8f63056724feb,executive administrative assistant
fd1ab8ebedec7adedfe6549b590519e3,route driver
7f8b22c016dd471e246c2d1c2aa90dfc,assistant general mgr
2edc845ced2c94d289dafe98916f4a62,process engineer
ff17fae4d80905460345eddb529dbc06,accountant for property mgr co
c9dfdd8ad69235ce7659510dd24fc018,sr software engineer
3d0e6db79e5be7758fc190b40b3a3a6e,dental assistant
f3eb7de77eb8236564dbffcb98175668,account mgr
199a5363c9c8e6c32c2aab6c6c85b627,supervisor of gaming
60491d9d07c1c9f28ae87449a80ab341,reliability engineering supervisor
6a86a2093c037ec90032a91b83542f86,staff accountant
08c608885bbd195cbfde7cee64030a53,director
e875adf9072b348ca183b4d4944113fd,sales rep
e58269fd43430fb84fa5e3b26f3e45b9,accounting mgr
3883a7a2daf89e56e085964ad6239d13,director
0270553d80c703dfe53da1348de13e58,retail store assistant mgr
d707c63e825e4fce5bc05f8f3a249af1,sales trainee
c94c8723bea170c767be50e3a136c121,wellness coordinator-mental health
d5e29ae348d954a12bc034fe6c3123cb,laboratory general supervisor
cef2c80490b442b0c6ac9cae0d61a123,healthcare regional director
33ee8d9630f6747dd6feb95b9ac60d4b,physical therapist
ce77be40ccc3a32a50b4cc56d9367acf,clinical social work therapist
3905f1198b7dddaf97e29e2cc4c03c6a,sr policy analyst
855e0dc6e163d1fc7384e9b33469187f,jr field mgr
293db84a88a1d533d0e53cdbdd94ffb1,utilities finance analyst
00dfdc441b31d9abbbc6e24f6afa6ee6,surgical services nurse mgr
2f466bcce648231ba63238fa7f0561ab,outside sales rep
a046d126cd2c41234503f8969337e48d,business development mgr
2b2f1c19b36f2fa29e0eff8fdd333f3c,furniture delivery associate
3ab779b4b6168889e8d038e38f1df7eb,formulation mgr
7377c7371856a72c5dafb6121259abaf,paint supervisor
9afc56c14acf36726af89d4d1ea6a06b,civil estimator
e1674df2a689a1e95569100b9072d202,sr pm
ecc2dd29b651552556cba95f82d8f1f2,electrical estimator
9859664449a875eaea6d87e6335ffaf5,grants
66e3649ae65878c3df72d4b01fdfd16d,pm
4421b19a41a4f2061ceb116594152e7d,recruiter lead
078e1a2964d7890a0c8570df1dd6861e,sr commercial estimator
7f8278123c68b27960f6dca453092433,commercial pm
8dbe38c8c95933e54bef58f01a6b9271,commercial pm
64db0dd4df9a6a4b51140b157be053ef,sr tech
7c7f33ef6b4cb1cbb65b2a6942584a58,auto damage claims adjuster
22aab2e4f35dd68dd1c868878eea7728,restaurant mgr
c1ef5dfa9a70f3d841b360c9ee393c99,administrative assistant
2e5928bbf9511e29b7d40ce72b56f482,construction pm
6b1e16378eb01dcf9327bd5caf8d6d9f,commercial superintendent
a13c4422cdd8896a2f0e736e60338445,sr auditor
17dddaecfcf14fae9813a39106f5e507,svp
5d2ebe392dae384f8d672e3c35b64be1,production mgr
e5fdda52aa91a70ed98a2a033b90ee67,semiconductor maint supervisor
7aa78fcd3089fabf94a839108974f008,steward supervisor
718b48b4465e24de86db4aa401fe8e13,field tech
c9d8b1dcdb377252c7094a9eb6bbfed6,offshore riggers
d29c26ac432f4b31752f97539721a661,mgr
068990112648489b13cc95d87e1994dd,cable tech
544fb12ee643ac3da83bc343d3ebd1bf,automotive tech
972183870767d568b7cfc63e835f4b5b,slot tech mgr
d947390bd8cd1f4264d41e9e2b78a5a1,satellite installation tech
18a0a71644d63707009c89171c4334d3,maint machinist
c3fa01fea2c9419dbcdb296bb30b553c,diesel mechanic
256298cf38a16a11a92f2d70a84c81f0,plant mgr-food processing
dd64523ed1610279c3e4e2d5f15d8c99,cable tv tech
89020a12bd2944e7387fefe20d6650e2,field installation specialist
9e07bca1ffa31bfadec4c55df3426c5c,maint tech
7dee9e7a340608282cde42331faf518f,diesel mechanic
f0d85295b2b20f5e1b80ae3bd7ba29a6,appliance tech
f88d6097d70aaf585fe3c75f18b7fb74,fleet mgr
44f12f7ac17c3a2a63a33755b1e2a1aa,janitor
da313c23a20f3d01652287a409c32069,cut up superintendent
2df2619f41d07f5c115d6c9a1b7be3a2,wanted
01b45aa8d029deaf5d2914b8d82e55af,maint assistant
6ad330f01f0f199a794a2ca17e448f5b,building maint tech
04ecc71ecc89460e0f1b77782adb95c0,chemist organic
09dcab21af7e6aff4c2027a82ec5f46c,pest control tech
fea0720a5c3f760acc739fea2bf6087e,purchasing assistant
27e080c2cbd71dcdeea61b0dab980394,maint tech
aace4c64427a8ff02b76f4bb21964fce,machining supervisor
8c0d3ac6235e18e80e0bf9e9b1fb66c6,industrial electrician tech
321f243dc13c4334567a120c42d60506,automotive tech
0757285637f35825759d24bbeaf2c1cb,service tech
6fe7b2160947df4e5eca92ee96e017fe,facility mgr
d8c22a47dae3607a586c4574280b2bdd,landscape architect
c5f7a9cb52950cf21cb25894ac8f18b4,commercial hvac service tech
9daa7faa0779f8dc8d1cf41ce8ea0941,field tech
c90438fbf4c3e6f68bdf08d5885fd9af,helpdesk support
3ecf4fa356db1a2e9dadd605701ef26a,cnc machinist
b19b0261f9fe6555eb51851914712f65,landscaper
891f3f30038a50395f9f10c65e510700,demand planner
c8e5cd0284245122337285f124acf809,cnc machine operator
28d113eb13dbd23efa8a94a3134a0341,mechanic diesel
da7cb4e9ac5a37750761dc31cb12c0c6,production scheduler
59fc9b1c73bc9d686ded71a96841319c,diesel mechanic
2e9dfc4f0aa48ad1f8dca522d2fae3b2,maint tech
0eea4205b2be5a9ac40b2577d625f728,electrician
93a279191ffce1909bef071447fcaf54,machining
4b51e31b2b912540f9c232a11ed04bf3,fire
cce22dea0f8d4dad68916796c81ece9e,janitor
ad978d030508d7b2d1003078a4a424ce,rd shift packers
ab1db7fb719d615ad62b3f5ca03cebaf,analytical bench chemist
f1f814e9025ab2cb2c2f69674e0bc35d,operations mgr
2221ea789f8f00e5fe51570bfb02a5ef,metrologist
fc059fe1fd2ad7aff4f6f80eff7cb715,shopping cart repair foreman
e4bf5409c9914b0d7de138f9e4cfa998,welding mgr
be16b8b0f6019fcd8c2b078f30230781,service tech
c44a329cf41953411ac5da2d9cba4b40,car wash mgr
ec44119c9e035c6379c45cb4b7b2f7de,field tech
9caf858de4faf2700a1b02f27d3a185f,assistant mgr of horticulture
b9dc711ea2a32bafd1cfaeabb0a7c17b,production mgr
ce2fac42e233d468d8a2d01021ed0925,manufacturing repairs
4419f5740783faf2a4f5e3ea01fc04b9,tooling engineer
5ce05db4513f7cd2890a6b29288d6e27,warehouseoperations
14d0bbc86e089f41d26276c1390227d5,supervisor
ba6b1a7d9a0795155063ad1f3b470fff,director
9cb95358fab08c8939775b63683f5c16,life science process validation mgr
4567c326b2d7bc87c74bf2dc7863a0a3,bilingual plant mgr
dfcc5b1668fa29e5cd983b99f8e60fb0,marketing assistant
8bbf5ce094d111444a564d2f49691d58,tool
b22ca533c5d4a8fd889a974d3dd371b2,par fry supervisor
e067812225f491422c4a51011704a348,production supervisor
3dee2b71e89f40dd72fe20987f6ff01a,customer service
2600e7484baceb9fc509c6f452d1e08e,production control mgr
e0bc0dfcee666c0d7449f625ab4f12f3,assistant operations mgr
cbc4e0dd88251f72dcad191294839148,product marketing mgr
be08a1a79bc722d863e3e655113f5eae,manufacturing
e727c8267d7fec343c4644bc7d8fa3b5,production mgr
2868e9d9ccbfb9e5991ac9e91726988c,production planner
58ffc874db02434793b26545ca4c34c8,sr manufacturing engineer
47ebb2b015a41b970fa67a05f69c9252,factory skilled labor position
ebf45c3f0601c767ad31bd5d3189a167,injection molding process engineer
ab0169b2d0e12cf375934fbe909143de,epic instructional designer
1fc12a1647f39dd7cd58e70b566b7c23,project supervisor
c2d7f4e9e75b9aac52dd00f847a63502,quality assurance engineer
dc6d7ad473c8cf431a929c5c1207cb15,it pm
d3b6aa430cdcafe03f8520a703e73e64,lead inspection tech
964a22380b3ea799248c1f17c202d4b3,corporate quality mgr
e6169b1dc4a36bbdb7633bfeb28f5c8c,pm
ec16714b5a370853982ed661211f28ea,sr quality engineer
10ee5a76902b96f046e2773a69f24426,customer services rep
31d564c514dc05a481281251952e9061,advertising sales account executive
e5a1ed0bd8f6c1f0d2e519a6700cfdf3,advertising sales account executive
e330319c7e06de040c6403328cc6531a,account mgr
4e5b5270e777bfe0fdddf654c32c8223,account mgr
f956755f4fd595994528acbb0aaf3341,advertising sales account executive
40be1ff029dd805fd7dca9306740334d,advertising sales account executive
f773958ff27a6a46fc4169cc7b795229,account mgr
cebfb9012766b86316b2ec151a804c13,account mgr
590e567f53039bce272fcd2555eb9b6e,account mgr
0af6294d0fef168da610f30d05d22e6e,account mgr
45241c50806d048aacd7c48f17461829,advertising sales account executive
bc337943a4d8cc500a0806ebc27cf6f5,account mgr
517036aebf566c5eb25b8c16df451cdc,advertising sales account executive
0d71eb775e5e939b29bef48eac2a9323,account mgr
4ed6b77b09ba7ff13787f4ad9a75d79b,advertising sales account executive
8d8e1784e23c1c3c0ce600d668372666,account mgr
edf6aff862c7d009bed2b673ff6b83d8,sales rep
e9a75805c3d139c97c65b28b99723708,district mgr-texas
673e5f04d5c3780c740c8a16cce8fcfd,operating room nurse mgr
3a6c0eaaff24eecb040c56ed770943b4,sr accountant
94048aeac72a9b7a4fa062a4f6db43fc,customer service
a17b17bc033e6c2b4e8a6919b8cc6953,provider engagement rep
9211f55faf3ab5a255a81ef80a3b196f,kitchen mgr
9e6ca2b5e5f8a87463eb491fd5c96341,ar accounting analyst
00f81894a9b133e8b02b558f11652997,accounting mgr
9e0cbabd4c1672d37f713e538db862da,staff accountant
b6890b31048f763bd7ef70b420da5b6e,facility coordinator
0c44bf514844eac349cafa6a3800d133,audit letter analyst
18bc3eb9ac2e56b701f35b3bbf55a873,svp mobile advertising sales
1a7d4c9dfe95dc4e4e7d23404cb673c0,business development mgr
0d546e8af5c96b4f08d2388e2ca7ac85,director
dee6c23f6c733bb298e9b70e3fa6d005,scientist
769a8593f918b902f38ee8ccc5b17e9c,human resources
577cc0f8b6c910d260d5f9edb38391f6,sales consultant
9d29c3bf42104af5e2e20de75160160a,migration pm
67582d4116e4b57cc6b72a8fe6086037,legal secretary
b146b890a1bb525eed2efdd6636c2cb5,director
c4837aeff0739d5fa412e0e7dfad5c73,r programmer
5cfbfa68c4b1103975c6cb5b0c5228dc,is
d1a506ee2b3ffa2726f5b3710c91eb80,system admin
1d695aec6f0f84cfa2b18b72a6999431,edi specialist
28f95828eda58f931a5a12e2285c99d1,contract mgr
9d5f3389f9ab91ccf2d16fc6a9c7b460,employee engagement specialist
7f81b861487a5b467ae4ffcbc457dbd8,floater legal secretary
fd512adbe947b50a0b91f399aa2c006c,administrative assistant to
bddf2076e2eb82491eb6c809ddd74498,angularjs developer
ee06889c4e0817095f7d6e0196a080bd,sales rep
d8308e8067aed230a2fbc84768e92028,industrial construction superintendent
9f0cc8c442e0dbbb14f0ba0c209dc8ed,executive support desk tech
dde3fd9777e4103a5bb001b36f73bb92,sales rep
117d8aa988ab4d0ab0d5ec4c058f31e9,sales mgr
29b3cff485233dae7e8fc471e50f3c9b,sales mgr
3122c064405b2637d43b684003b2814e,industrial
7d20476e01af07644b6ecc3053045526,net developer
6b212e6c0b1b418413074c5dc5e9bbf4,sales mgr
9383c61325d88aa103dac5977af5604a,tool maker
617497368e9f074894aa73fd98ff4c56,sales mgr
0b8ef82082c45319634191911fe7fea5,sr digital product mgr
11a91b0615ffbc18cf6468d91ed9286e,pulp
e60c5041725296aae58e79d7375070d7,exbs advisor for kenya
9988e8cf4eef50a49bf5f95f56b3f3f5,program mgr non profit
6ca7acf2faed6170e00bb84388015364,quality mgr
52c1cffc3c4e07bf0c399b74fc292152,pm
4d271a6adce77aebe76e68714e7e1166,quality engineer
007376f21535f2876c96568966e52b78,project coordinator
b4ae99e629f3af434fba0d163239a0b0,environmental
b11dbfb082a4de0b5c3d99aeda6f235d,pm
192c223cd34fb1268952492eca2bce95,quality engineer
8d163022aa1a8af9c826021c1308bf4b,pm
f7db4308692a40e9c6025b20aefcf28b,energy efficiency program mgr
e9536b104c3904281992ede4e25b79bc,director
e4448b604015ad242fcf8d257efa1f12,quality mgr
22356fa63ef6fb2dec36a5377bf3742f,superintendent
5d02e9c9014a59373e7386e09f80a41e,quality engineer
8a2b81213666d5a61424f73a80a55c11,qa product release associatefunction wrap
88d5f291e2a8c75ca70d53b321608ba3,director
17cb6581efc46516e055418aa97ec54e,systems admin
4d58dba24cd177355df8866a7aea8f04,it pm
2fbb532a20332a87d2ffbca8cb1b03b9,pm
4f3761d250c703c1bcd6b2c095eca90a,supply quality engineer
fccd87099d598811c7cc4cac5738bf24,pm
88c4378856f544087f32b711ef3e2c16,quality assurance mgr
0cc59992e6b6f1455dc0afb07a50b917,quality mgr
427afcae00e521b2a9aac35d227a7afd,field operations assistant
d8d12d44260b4a72ebfcc3300267d1a6,team leader
e9c70a0d70a71d241101d449a7d287b6,program mgr
40b7b20d811e4579e640147959901fba,mgr
d1560e2bb055d6f9054ae454cc856003,sr quality assurance specalist
d8aee77f54a146f2f320e2d942733d89,sr registered architect
6852eaedb1031cbaeb3226bac7fa1b2b,executive director
56c7274681a196f5ac3b1306fa172507,lean manufacturing engineer
9b698112885a5861b2253db7f2d1a95f,process safety mgr engineer
c1147e813a6f73a6c72557075b1eb21e,executive director
0c00e6aa3f2dd0f8525afd04cbb337ba,project coordinator
5ef02bba9398ef9c6c18729a6efc424b,insurance claims adjuster
9e927eb44132a8a81f8429356150f00a,lab tech
c3a212c166b3166e5222fc579f45b951,sr quality engineer
2f736409024e39ba617d79726c79214d,hvac pm-anaheim
1ea8742906cd1b7959754fc024b09a5c,regulatory affairs
294877066433f3d4c1fdda73f1ca63ef,safety mgr
1f1eccaa6fcd7a7b30dd745dbadf2d99,automated test development engineer
75030271b8e967b2fff4f31a567d1d4b,quality assurance mgr
c345b6bc45a3e3cd589fb6ef21c97225,pm
e52174f4631fd8d34b2a0de08a6dc153,ms project scheduler
1182bf23a4b246d9e0de23e4024b864c,quality mgr
644030f9d64eba78f33b776f3ecf498c,pm
d137742f8d6878eee35049c7df667df2,quality assurance engineer
164c8b8a9bf6908b8268a4dfee22b04e,safety director
8844c841359257542636d124a6d5370f,quality control mgr
0c25681b67e260759d816ccd5ca76769,quality assurance engineer
5661cfd8667a786ab1e4732c5112d55d,quality inspector
95d87cbb587575ff72c22f3a279f524d,quality assurance supervisor
29485e19d3e0e8b96795f1a863d58f3b,quality engineer
e9dbe37e9cf7a74db1e88b118b2e5f71,quality assurance mgr
834a7478ef039509dcfe41d13fa209c7,operations mgr
9f9fba308206821bf4b1fc84792c41d7,project controls
2a1f1b4296e9a37a72a33e429d2e4312,technical pm
fb27a5d63c2523371b2714efb0ef5d19,quality engineer
4e05a8d5c4796f514b4054e2935ccf34,project mgr
038ea35ede6c9aafc778a4a2c03bfde5,data analyst
622a49b2b8785af780bacfa459f7bc38,executive director
f806d5dff5ef8ba6225bd8e1e026b91e,eh
bff2e78628f93c0369e63a1c1fdea855,construction pm
5c0c7bd7c704476df8ce7e9737c13476,quality assurance supervisor
fdce1993a0a1f2c403c29bd3f47b6143,environmental
33734ed0e05a65aec49ef665cf8cd390,health
d3213e1edccc6ced675e8628e8e4b12b,quality engineer
f01f22c6494fbf66a19d494b17e323f4,quality tech
5860d8dc0dafe1cbdeb74328d9438dab,quality testing analyst
c0b5927176e94e1b2090f577b3b48c2e,formulation chemist
db811579502791c5a0118a26e426b7eb,quality assurance mgr
f543f871d411053a24a224233a5a78bd,quality engineer
552a8b9132be276f3da205e20cfef6ca,safety inspector
8e721130dbadb93b905514b2bee8e35d,bus safety compliance specialist
2fe37183246bc562821742ee4eb6b87d,ts  quality systems mgr
a361fb3f2024caaea9daf13994219e59,quality mgr
dc4a07de42494a3c7c6119d52de756b3,finishing mgr
73036592d988f4e31592f2c6f6daea44,quality engineer
9154c072e0a53b2f3ba70f5e3b278653,business analyst
2e8d045e0665e2531a4465d057685cb4,quality assurance analyst
45ca1adb028d42cce41cdcbd70aa9979,environmental field tech
cbea6cf4ef798de0d3d795530b387648,sr scientist
1d12c77651f239384ea65175b1b9f90b,quality assurance laboratory tech
2741a37e4be27dce644e01542ccf3127,environmental health
da379215b08313e710776002b2d7fdc1,quality assurance associate
d9859dd3a12ce67ac7c2258e6aadeaba,method development scientist
86903b6884fbd922855eaa0b9f8fe031,quality engineer
18c1e706fcefa71baea2694d517096ce,qa specialist
0c911a48b50a82ba17d3ac610dfbf004,sr pmfunction wrap
97f3d882aeb21bc1b954be8e123164ff,laboratory
0b7a51f034b36feb568517da73b4fe5f,java developer cum tester
ac3c67f5ed671a63ea0257a7012c3735,health
1528343764d7f16abee4c745736592b4,quality supervisor
952ace6f28cc40662632c337437570f3,qa mgr
13af99290903e22fdb9729f297b6abf8,sr financial analyst
eafb833bc19c6cf415fd5491f7f7efd3,financial analyst
e0253e093783ee26e7a2e75a00f29e7b,sr electrical engineer
b2a98837f00731180ae5a01198c69678,sr accountant
81784544b78fcb2452d154b6a0f033cd,office mgr
bb9e0ada3215812e959c5239d14a9b9e,commercial litigation paralegal
3fca27e016eb723d2baf3eeb3f340ec3,sales rep
effae325d916e5978b5e98a462e290d4,sr cost accountant
6479b49484a88b3290958351529e92c1,sales rep
0cb8d5efe0da1322ea4330663c3b7e08,commercial real estate legal assistant
147a1692d52fcda04ef3f628b16ef376,process control engineer
698d4e2da7cb1550e1919ed88ac43f04,financial analyst
6c088f634b136fdcc90e7e9d32daa453,sr internal auditor
62da25607b8658609599acf1623ca188,fraud product mgr
808f0f4c4de108a99b30e0a09cbea462,staff accountant
6307737b167f788ac91ad8f538d6919e,grading supervisor
8e0fce40bcd7dc273743538ef959a69c,breast injection supervisor
63ebfa06ab675166b82cca16d852eeb9,technical accounting lead
a366b10e5dd54737d6531ccd2850e65e,sr accountant
02da2553ae6fdee22acef06ff0636c8c,data analyst
529c4a7efbf71bcd6699c218b4e2c46a,maint tech
6dd5162403a159dc3cec14d4898b61a2,quality mgr
eba4f426d83ca360c53d8db424ef2234,construction superintendent
988d306b2ff4e95d26ab7ca4ee5103e1,heavy civil construction pm
37c8448825c654709bbf4531ca2cdd18,beverage mgr
83d4fbec4f80544437e68d4690d72e58,head chef
7ea96b012d2a0e775d16b97e6cb687ac,panera bread cafe mgrs
61aed4b94bbbdcb9bfbecb6bcebf9ae6,executive chef
92e81f26c064198f7ea5ab61d135b54f,districtmgr of pizza restaurant
d335d61a467325b4e24ea4fcf9a6858c,sports bar restaurant mgr
81cc5964674071ce424a173d9974c158,restaurant mgr
37e37c152cf907191ebfed97965eb572,assistant mgr
4b8f8fb0b76930553d1968e3cd7d3ff9,restaurant mgr
a4f31a8c144edafa04c5dd54c455b7ce,chef de cuisine
2f8eb67cdcbbe7c6932fb9feea08aafd,restaurant mgr
c696030ccb9f43bd10942b15776ed756,upscale sports bar restaurant mgr
e8734509ac6d83060e7f1ec09cf07b68,restaurant mgr
f3d2cff98a78ed5bfc6ba0ea12214830,upscale sports bar restaurant mgr
f651679b79a2d610ecfb17bd35fa4f12,restaurant mgr
dbaf892f6758549925d095e06b5d17ea,kitchen mgr
a8ceedb40e58b913e6f62daeba960737,restaurant assistant mgr
7148b000bb1fd17ed311702654ee10e9,restaurant mgr
7877a1eb03a172a5fa69ffcf06f4e924,restaurant mgr
3856f7e31e79c343a68ee292c5823601,upscale restaurant mgr
f1a2df217ab9a3bd15ac9b8569a95b95,assistant vice president accounting
686c26b01c6d944b73c04f6270cb1c0f,supplier quality engineer
03982176fd303a7423c90073b1833cdb,program mgr
213b5e2a2417a31fec8eede085f07e2f,software techops admin
b9c0527049eb593d866d62bb382b5bff,toolmaker
1c5af076060f4c447c24f4a7eace4dad,production supervisor
0d596ef9225cd32687bf001e338a7419,supply chain buyer planner
5ffcf851a246b864b17a7d71d61c771c,production leader
54f55b8136b18c00f9c4b3140a8fd101,production line mgr
97635040ad7c91e86d5e928e16cb4116,front desk associate to
eb04f321bbd21364ff3314a0af022aac,annual giving
62c74557599ce284a488fe0946b84b76,finance associate
8953c51bc7c4984a58e603b30096ff68,outside sales rep
a9a80407fc3f7e4494867a123691b946,accountant
496d8786691c385676fb6d76afea33bb,career advisor for mba students
bc111f88ea563c95c055284d4191a9cd,commissions analyst
02c42e23903b07a96c181f8e18df5a95,major gifts officer
2cc84e1600ca48de9722cfa6609a9a32,pm
6cfe011f349bfdd2d52ecc2599cfcbd8,pm
1530457d0ca04a05c2a835c9eb1e8097,assistant controller
9dfbe8ec84f95f71fcaef042d4a31ada,financial analyst
d675f13a07bda2833f94521bb2dd0cf6,accounts payable
1401db24bef45febb9529ca85117d7f8,acccounting
fe26f2a2a3c29131a91d13a36faf3943,staff accountant
1ea429d6d3a47ea695326deaad5f8d5b,accountant
b127de903d18db311678fb5e04b94c0c,accounting mgr
099fbfde466e0e0dd1bb4287cd183d98,staff accountant
368f7b3e341e35b605e81029a13aef0b,sr internal audit
7ae66c8abf7abdaa90e23ad915207c6a,claims adjuster
51248db0eb152b5f0986b01e9bfb2920,foreclosure specialist
f3c578077f9aec8ad1c39e8e6c4f1248,digital product mgr
19c8ba76bc162883e53c712c3119ce3d,bilingual accounting
70fc6e6ebf5f2090cdb9e66ea67143f5,net developer
0f9a85599491511ff8b0372539d25fa9,sr net developer
dfb963db3320c7d6d3ccd0f9082e2915,software developer
a4169d18d093a487aa4d07f1bda524fb,information security admin
1f76f61a5a1f92bf547f529858a1925d,automated test engineer
64d40f4fa8ec54328e0b6e34f4d3b0df,outside sales
e31d903d6adbbcd9341a904dc5f5e93a,planning lead
131f4ec2a2448197481ce0f4d4c5a291,sales rep
91ed16250a3d9c369e283167fe5ed45b,advertising sales rep
4ba3291bc574ee7e1c323186d7a8a4c3,advertising sales rep
3f1981eab6c12fd2463cb1d5b51c23ac,advertising sales rep
7d5653f092a1b7363514f0af395c83d6,advertising sales rep
fe9dd90e5ddc670e08c2ea7e36b5cff7,advertising sales rep
f82dfb2270c6bff252e4b64d2bcbd77e,collection rep
aa42167d54ae30fd3a8725812efdc982,legal secretary
eebc8f3644c359fe209bf7f7461c896c,mgr development auto damage program
991e7c324bd4e1cd14ca7c3ce220ea8d,population health traveling consultant
02975c8dd39ce215599a300e0c066fbb,flooring installation mgr
3878c189777b62d916ac8baf8d2df102,cdl flatbed driver
25994e8dc7de508c77c755f5227e94aa,upscale steakhouse restaurant mgr
bd12bd3d61e2d2acecf6137ccc55d232,prosperous name-recognition firm seeks sr corporate act  to k
6d1c134f557d6b8609765b8ad633efd3,tax accountant
166abdb4aeba7869d5f670193d2539b6,sterilizer field tech
14e1a1312954472927217610c91c05a4,insurance
3489b561724c0904b262d3ac8262244b,well-respected commercial
0897b1d7e7015d7fe66d43bc0c07e91a,payroll specialists
fdfb9d373444484fb1f6d819795abdd3,cbd provisions
5cfc9c2d7eb9fae09a10df87afb98105,sales rep
c5b2b6240e29caabdc00e9aefb2da0e1,sas analyst
681fee901558fe710d2fdfe3b4da2405,sr accountant
39f8f1824c5894be566083af3ddca16b,credit analyst
79406a11abcc9a136fc5c41d74a464fe,accounts receivable specialist
8ec4c5a30169e8a8969f2af72ec6f696,cognos developer
8a929160f8da76b333322c029d49c1fb,sales professional
7ed067b445dcc5dd39ce61dda0cc7bc6,a
757339bf32203d5b846e000af5b1a821,infection control nurse
c9ea0c2ba79b91d6de3d150cfb90a535,variable refrigerant flow
5b55efcc420cc3316afb1aecaacdc768,advertising sales rep
268f644f84c247cb98a8f5903b41b268,licensed agents
e30168f7c398cc91b8e39e2095ded40d,mgr development program
892b182ec32147aec758e40967a5c327,chemical engineer
d38adcfb70628705322cb90189405a20,compounding pharmacist
b8c6aea7d4668eaab0da2e630fdbfe5c,network engineer
a3534daa7876d528501df3013fee6b7d,sales rep
a3734ac5cf0762366bac2a4f07833a9c,accounting mgr
3a1dca37f557746ad6e57baa8659b018,it director
ae942dc72fcc0e673797855f13092fee,marketing sales
bd397cc7cdb99e7e1b26751e089444bf,st time mgr
aabdcdbefb19b73612fd015fee69228c,accounting assistant
781897f6469d60af23e82152ecf3f399,campus facility mgr
f9fc508d322f5c3f6a024fb0ce96d4c6,erp consultant
5b8ec8d5b713cc42a21cfe4a6f4538ed,executive chef
b19e5fc43f0a0e57fb0e69e9a3f6d45b,fitness equipment sales professional
97423a4cbee6ecc906c079ac586778b3,human resources
c90596874fd2fb16f1bef447101cc1db,lead software engineer
0c49d19b5a7e0ee5d091d8a5b8538fd7,restaurant mgr
837791cb8e5c199295afc4df8ca84858,led lighting consultant
a709d1f2d522f1aadec424962d8cb77a,sales
21657fb930b0a28c017ee80f27872300,sr security engineer
cb3d0ae0a8fae2224281f19d56d911fb,quality assurance leader
7aebadbd657e760aaaf3226e259d0361,controller
104a5bfd0f1b999009ad4596c7468663,japanese-english bilingual operation coordinator
e72394acc7600db4f3ce23f1cd6518ca,account mgr
86909095e83d5bf99f6683a5439e44f3,finance mgr
4af8b210039539baaf03ef804a19efa0,outside sales
ddd43958e8eba5fd76c33f5a7147d18a,customer service sales rep
4b29cd9900ec4fb149a408e0b5ba5cdd,outside sales rep
f52a98a22304f78081ef7c76d85918a6,lead medical assistant
605c87dfeb90f3c79d43003448585197,general mgr
a57061ec336257a6cf50436d4fd43442,sql server consultant
433ba87bd53059b555ad580e74b444d3,financial cost analyst
7bcf53a50db2ad394ce22ed74e727cec,sr accountant
ba8e5be42933fe5a6fec01221d0f39f9,sales executive
5bb4bcdced4a33f7e5140ec8012f96d1,hris analyst
dd7918b8995de3d5c0d98b6211b9fa8a,st time mgr
61c41696a1788afe8d85c4e62f69f9d5,staff accountant
97b8ad75f37183c243d65bc06473298c,account sales mgr
6718cb77812b321b4855ea5cad70699f,legal assistant
e5c979d86980d15510d6361ccff4a731,staff accountant
7fe32621c329d46cf450914f43f8e84c,database
4fa380e0b58b297c973fac1a82022d5c,financial
465ab70ae5462c48cae3cf1444cd60f6,computer systems analyst
4d687b1c1b476f81a20555a58a3b6db6,bi developer
18224e2321280bbdee8fea1e68dba1c3,sr network engineer
0883447bf144c34f5418eebcf2bb0964,field mgr
b641db3b94d5dd4ba8081771ad69023b,paralegal
b06b6daf02ffee50ec79ccbe1688c8e2,operations support analyst
ac98aa4e157561ca8c0503b3465692bf,dba
c123934c565d0f460f1b2191d859eb1e,insurance agent
13847597090312ebf6d8c1f7e9f4465e,human resources
b1c0815a03b6eee5a2bb24700c948a6a,production shift mgr
4a20a7f42c69008665d35c257dca498d,truck driver
afd2d708deaa36fd6cbeab5ad8e73b73,plastics quality mgr
6c0eaa3cf7bab49e06567d19f26dcc25,registered nurse
8d3ef64edba97e15875d7e3ebac775c5,medical assistant
c85dd77ecae50134cf13804eb95e38bb,associate mgr
4fb8c68e3b6efcec902801a96f2cb004,restaurant mgr
b382a75fdcb0d2b1a253159138edc401,general mgr
dd6095a349a33ad72d89ec1df4fbb93f,restaurant mgr
5c27c3b58f7ae26b17e54449ddc00687,restaurant mgr
6810886efcd296ad5ce6b70f4e8df240,restaurant mgr
0ecc4c638cf7d8edb88ca9e85e9e1ca2,general mgr
07f34c4837d790679e4eb6bc8d3f3810,restaurant general mgr
cd4775b09986a3cdc90310ce0961f3ab,restaurant mgr
fdb177d67df09b354694236baf7e1a9a,director
96b97e112ca5fa52fd45a1fc9e8cfd8c,restaurant mgr
833df8ebb745bbec2a477447f43f7bff,dining room mgr
0954e3c16d58dcb07987efa843aeaa58,fast-track general mgr
b14a3dfeea754c18397ccc2ea4ff20e2,oakland rn supervisor of case mgr
808a716850ca50a64509a79998de9b5e,food
7c85cc3b2cbe2a86289962fe04a4cdf1,restaurant general mgr
955973f1208506d4c87e37a0a4ee48dc,restaurant assistant mgr
67d861d9690a187a4d8725a1dfc34d99,restaurant general mgr
677b47763eb6686e3280a7c1f5c46364,training restaurant mgr
4c9622e4130c365a764ecbaa503bfc0a,kitchen mgr
bc01dce6f633b63288471351002d9f95,restaurant mgr
dd3a91ef415695d371fb570853161b10,bilingual pediatric certified medical assistant
9edff6f1ab24257abfcbb21c21761407,dairy nutritionist
64054b02cc8dd9358c0375433fc3a142,restaurant assistant mgr
0a4e958193f6e30ceb0a53e3d0b40dbc,restaurant mgr
d0599c47ebe9d64c5e0538c61eca096c,infection control specialist
468c8fdef36abd7eeba3a6fd3bb73d84,general mgr
87a226266f58227490e824a89d5f16e9,general mgr
90f099fe2e6862c3c982804521b104ce,general mgr
79869110c47445f0e2caff37a9ac64a1,restaurant general mgr
8bbd4fece1608e2238a112e011f4605d,restaurant mgr
8c72172f47ac6e1d090c821d93de821f,restaurant general mgr
34481be1bbfb37be395f20f6d44622e5,restaurant mgr
4cc52af997e05a42873be2c231006ade,restaurant mgr
9a5fb087ad8783b46c865dc81c815d1c,restaurant mgr
39d22760a6ea4f1e9b52f1b12bcb9e1a,upscale sports bar restaurant mgr
df6eb0b04f2b36977326091053e90594,intensive care unit nurse mgr
1880c4a7022ee06d0cb6ff16a3c677c1,general mgr
e73db7dc0b456376af413c9716d179cc,bilingual pediatric certified medical assistant
45a88d5e44704ba611aea9e8c64864ce,restaurant mgr
5cdf99cce628be383d9cbbb7df572569,restaurant mgr
fb5d64a22bfbbf8431adf1f5e84e871f,restaurant mgr
a1a87e3548797de862735a176cc0b671,associate mgr
47cff1db9277ed7fbce2d4519aa67336,restaurant general mgr
a17a693ca054f41538d9333efbd0baac,district mgr
d319ed24bd24a522890be432ee2164a9,restaurant mgr
222292c2b44b47cd4705b2c114ba3f29,restaurant general mgr
63a45c2493c3568726cc9992e5cafce9,sous chefs
c909120134e7347a4cf5c8bace607397,baker
183a4fe2956da859ba1c8b02601cc879,general mgr
98a1ec3ee639db68dbc2ebb57ad34175,restaurant mgr
944f8e5d501488c678b616f8a0f66bfb,restaurant mgr
3be04b43ab62755751c336c2b64b85f7,general mgr
60f1d717979a00b0fc5f827e36e1d3d3,surgical dental assistant
86cf0f741b8e5e8878cc775ca583b9c9,fast food restaurant mgr
a056904fb63b765f67ea16cd8af82f08,chef
0264823ffc4b9427977a3915c79e6b36,restaurant general mgr
437019a07ab6ff420f2649fbb1443204,sous chefs
4c128dcc161134581186876376fa3c4a,district mgr
46486b3752384343828605dc64864b1a,infection control nurse
63bfaac43b3848991ed50559b84cb28f,food service assistant mgr
8ee9b5cd7f8fb9e15b2c947717655a05,restaurant mgr
3906e04c59197bf50ee7e05b5b796554,cafe chef
26ee7f38f04c818e95d60a57707a59ef,restaurant mgr
ce6c74b85e515415823bcd53f075cb5c,associate mgr
c9c99468ad7999deef6dd761e6268f06,restaurant mgr
3d0c21442f48256312a0816662ca8091,restaurant mgr
991c9f02e446fafddcef1497c356d68b,restaurant mgr
c39ad4fba78104ccd62f1c04f7eb9b42,steward supervisor
45009976e5e7e89f77f13af9fa76feac,general mgr
f5b07211d1493935c126064ac52cb225,registered nurse
2978d6a72cf563660559f1db2ad4449b,food service director
2aa7ae718cf00637ba3f2cc188e51018,mgr of transition care
132e76ffc45b303607dc2db3b25db903,general mgr
de4f5f3520c991e23ba4c57196e8a1a7,restaurant mgr
3dfeda244eb293df70f8bf89fae08d12,restaurant mgr
4568365ec885f97011ac9983efd99b35,general mgr
ceda1a116808259624aa1bea45869941,kitchen mgr
acdf5228260ff7e4eea5fd3c182aee72,associate mgr
12990c6976ff757044871204c5b7823b,associate mgr
fec327096ee5f3599a6f2a1fba5a0d6b,catering
10fa1ca9049a77af21e88c94e9c8574b,restaurant mgr
cb6a03ef37f28ade94fb66463c6574b4,clinical social worker-community living fund
11a170caed87fe576f00e5bd6fadc7ba,restaurant mgr
66275eeed4bc63a65e3a400ef4851cf7,kitchen mgr
4e0cf350a6084bddc9e0c00452ca7b43,general mgr
210eaf59e396d6c93d74a710bfdcdb29,associate mgr
88e6b476a859aa6d614d082d34168cfd,restaurant general mgr
a24a625e73b78ddf5a5646954b5d9dc3,general mgr
4040c4d14e944e8b6dec8e64b63f6c53,licensed therapist
0e566209af447885514b18552fc5404a,restaurant
e69373f5324bf29ccb033867a7049516,restaurant general mgr
75d8c396358399de4b638d0338c08024,restaurant general mgr
e377968db6925b24f799b4622dbc0d68,bakery mgr
c16995960beea9db69f6ac062dc17b74,restaurant mgr
e0beb7e9a3cc4e0cfb11fb1a5f1eca49,cake decorator
cb11477df8751c07db2cb968e9d84da6,restaurant general mgr
8b43ff01df23e3b9d9c61410cd63b15f,mental health counselor
aa8d3fe6451f725473091deff784d22e,pizza maker
cd6c3e64174f626924fe4cfe0c2eb6ab,restaurant assistant mgr
871eb90a5f12ebfb74a980de076c0991,event coordinator
4a5dbdf36f96d31eda477226568567bd,assistant restaurant mgr
53b9c914a814b8f2a2bf3efe626d3f96,restaurant mgr
ce7bcd9affe1e5c11cf7b7eedaeb177f,grand rapids field case mgr
b957a38b4418bc98cabc6dd90a9a1940,restaurant mgr
cd3d7d3c3d75634579d91e13a9c70720,associate mgr
b22cf084bc8b8e2e5342892432635e08,restaurant general mgr
42038cf66cdc44f61c176263f5d01faa,restaurant general mgr
ad493d9a527298cff564e80fad494bdf,customer service
6bdad96404b3ae1ba6cf5d8d93e4cfc2,restaurant floor mgr
3cff493905762dbd634829c9643e38cb,restaurant mgr
3d119e87a0c85249318779c6316c2c23,touring chef
942c50c03b25eec1bf9d62246e1a6216,catering sales mgr
92897acd7cdddceaa9fb59119e3b8467,trainer
191465ce9a08bf184b70a6cf8353ca72,restaurant general mgr
6947d89ee827ee022a5e5fa5f1f60c5d,assistant general mgr
4545af524b98f8323e3a67447fd0bdeb,dunkin' donuts restaurant mgr
782d3018d21c52fee45d11ed55cb5ae7,assistant child care supervisor
9a404b0ae8d79819cbc0c2b7973f9b7f,medical records specialist
3fa4801eb8cdb7ef20591b9d10d342b5,sales mgr
e5085d92e5c3f5fe80147098d41cbd66,sales rep
9cc4addecbe92cee5c4072a7103004c8,energy engineer
21dd2f99a204e4a073f8e9e81bd4a757,retail superintendent
b5005121ad87cd93fc0668d033c08ec2,heavy civil estimator
e098dca8629387dfd4cd668b69681fcd,district mgr-texas
26bc5b81fd440d3632728e8a01c1c772,administrative assistant
1f116ed5a0778fb1987814bd339c19e9,heavy civil estimator
12f038ffd0a83b8ba9704caadaf91448,assistant superintendents
c96de598993d578cb1de7b88288364b1,sr commercial estimator
5ede679baa5198ea5de90bf4b5ebee88,interiors superintendent
d2ae1356af6760684a84aa090714a2dd,civil assistant superintendent
ec02bee7d9afe0233cf591d7edb2f269,rn or circulator
ffe7588e1220ab126486fedfb28e53f6,outside sales
ecec37d61f3cb764c2e4f35a718af429,outside sales
9be7ee40bf761c314fe002a221afd119,outside sales
f9735196e9228ec09b6837b0368f6013,sr accountant
b60f67a1c0bb65ac9d8eb230b23620cc,executive assistant
6bd5e93d8a888e42ab395952f4835a36,outside sales rep
dc444b738ca28ddb38f7ee9ce3591097,assistant controller
89b9beb768a6fcb757d9fcb0522329cf,restaurant mgr
30303759cdd3ba6358de79b68ff0535c,sr tax analyst
c90acf57efe11cd4b2f85f0e71d42730,executive assistant
89e0a60c12e90a61b8f6ff3aec9366f7,business development mgr
81892ee602f031f46b93295c913a50f6,sales mgr
dc9d60c7e25b2031cbc6a966f953524c,general warehouse associate
de5a215a9e71bb1f1617efdd05da384d,machinist
1e3ffb10a783521a80c187a133cc0417,office mgr
2f4079b9088ad288816e46879901a6a5,bilingual referral coordinator
e5cf7eb138db3fc52e2907fe8f5fb70f,receptionist
60ace09b0b0bc73d6015f3c80d2ace91,receptionist
5ec20644452674f9a264b14d9e9cbe3b,administrative assistant
5a4be5845c183659605be13e02a9bf3b,administrative assistant
077fe93a265710a5d7cdd341d7e8f2f5,office mgrÂ
110aebf97671b151bc221fa957086869,administrative assistant to
510d467999d320861abadd8d35b89ae8,administrative assistant
a7687debc316bba5df00cf67d5cdc47a,service center clerk
50f16c88de4b9368d174c6c6711ba007,client services admin to k
5de4fddbf0df8b45221a40d1dffd7e2f,front end developer
cd2c6c71619884af37468e271867b935,hr mgr
d8d5cf57fa078368ef79d56cf98197e9,systems admin
8d66d02130321e30dacb5d6772b17f34,human resources
d77b8bd5426482738b1ee4a5906cd826,hr director
5ea4e2e84ca37069d634f077e221523b,hr mgr
162c1c232b3308b1ae2251eaedb08783,bilingual employment service specialist
1452e525bb0c3353f013e175ba562058,on-boarding specialist
b3a60daecd31fecb97a6126e611975b7,payroll
0c4a0bcda5a22519ac2f2b2013bbaaa4,hr mgr
ffab1db81b930ccf340d554c9d0ec6ee,full charge bookkeeper
2d28d8e47c25ea5d850c1cafafb7a21c,quality supervisor
bac00bc87ebc515d1eed4520f0d7e3dc,mechanical design mgr
37997e160b6913cf9560cdd15c892dbd,erp supply chain
f98645d59008e841ad6ce568b429a58e,logistics account rep
c3953130181c2cc86ac2340809970351,accounting leadership development program
94d8c3af2b9b88e85c887ed3ee2d80e7,home coordinator
ed8a7231e1978752773b751b9da27f3e,clinical consultant
b9b1a446d9840b6e43e2ce1a6af5e31a,inside sales rep
3054f324544ab4df4b5af5d0d471fafc,hvac installer
459a56779e12dd6e5a007bc6d99808c9,civil engineer
4637c93492e15907fa929288bda4b8b5,sr full stack developer
4bd0d81f55895a23fed19e1c7940d39b,laboratory tech
0c08133669e4f53933fb6f716cf06622,regional sales rep
0a9c31b4d5600e55e6102e2e7ddc3e4b,inside sales rep
e35df1bdaeaf30537869555f878fd149,process mapping analysts
27fb941bcaade806479968da1e88e633,bilingual accounting mgr
c87996f53febe5831502936a023422af,account executive
905e9e0b827bde830fbb401707dc6af4,electricial service mgr
28f7367f5f9be4e6bdcf68bb7c602c08,production supervisor
9743d9bdcaea4c3a827df5053c74a890,sr salesforce developer
89f0aa8bbc99eb1d0254882832e3c490,commercial property mgr
d945dcb0eb8a365fd4ce03833e919af0,plastic injection mgr
d8d1215d852cfbd07040ad11a8bc2f56,data entry mgr
ac3c743eb7612d90bfe80a3a30d3d8be,assistant quality mgr
8e9f8638556bc1fd671bb99f4f01ac4d,executive chef west chester ohio
419a3714be2b30a10f628de207d041de,accountant
52aa858cce38928290a0db075199ce2e,sales rep
5e7cafde9b560c585dabfca79fae4399,sales rep
5571229d243a5de10b4ae3b467dd0ed6,sales rep
3fc8b25974e8f82b8addbad938b546a1,upscale unarmed officer
aa6374fb5d6e869625fe80d33b4511f7,upscale unarmed security officer
9c9816bd0d9fa598abae92fd2583e8e1,deputy judicial marshal
a75c411423819caaf383bb84cef9f41b,customer service rep
bc4635c29a331d26eef0759903a3d700,upscale unarmed security officer
d5af70c0541a05cc173241aa576a0344,unarmed security officer
9e2c060f714020de810d4958910eaf32,licensed practical nurse
7fc597645b39c7f0c18a32be7c6708fe,phlebotomist
d50695c640d58d9f1675fbbe81c64b2f,medical case mgr
7a1b70c94304c75124006536c7f4f918,part-time patient services coordinator
3cddef98e0d27432560b167850f0156e,w
14dbc6275792622846697000f3997d94,accounting specialist
884a6916e3942093dcbb8fd4b49078ec,child care worker
ebb5baa437b646a10ee0def5afa06960,food server
32a80eb646097fd7fd522010075e64b6,call center rep
4c36565999f730dec706428622c32875,program support specialist
219770fe05b9015bf8e676926a64dca3,dental hygienist
d10be37428a0f8592dffc50ecf1a02d9,certified nurses assistant
fd793c77c0fe43feebe9145e3757d9bd,phlebotomist
fc9b2b9b8d80a774df1d7528ac9f710e,package handlers
2fa90f0725fcea2e2e1bd2ade8918d81,banquet servers
c5aa1f0739b63f61b9ba84337c0ae0fc,tutors
7ac5a17c8c259c082f29d44fd055b005,part-time maint mgr
582fba6fc156f7974d9e8c6d9be161d9,sr accountant
c1612d69a4b92b585b6de561ec70ab68,customer service rep
fe1085c6a34bcc647c36e3d7076326ac,floating property mgr
993d2aa48a03c746be0312cab21e6334,marketing
b2bcd66f8ee6433fb8d97fa19fe06680,lpn or ma-c
b63e2d23fd53b8e9ad4503a1edead271,medical case mgr
8592a3c92916496f39d1e0daa0ec6609,licensed practical nurse
f553df393a9dd94189b36464b799c493,team member
8560c068c5707dd172caaaa69e48c4c0,barista
89447ea56aa0aa73c388f8dd5a2d04b2,registered dietitian
f02ef5fc220748b00e7e0cab5bfe0bd2,banquet servers
8b577c47fe5211a5cc1196e2806918db,summer member services associate
45d9f38cea057534885ed5d5dfc87a54,phlebotomist
0bbd6a5710de91951e6fc29e833d0304,licensed practical nurse
29346bfdd9ae2f521d29d24c3f362e99,customer service admin
0fab2d4d7ded5801843ea45a971b0529,data entry
859885199d1b86a887808f52d0f863af,merchandise specialist
a4a3dfc9f983a311aaebf2a3a0b6a434,sr net developer
5c9db47b9e72997c30378ae4ef383e58,sr net developer
877bf957fdc9153fea0d587ad410715f,business analyst
fc43fddd648a256769af027388dbb1fc,data analyst
39d2f43c25fca4357a8fc3459632fd90,java solution architect
725f81723704c6deb61aaebb9cb82122,quality tech-electromechanical testing
86e9ca2a75fb2d7d10df304936136ec9,research associate scientific-chemistry
51b0fa78e9df260725a2ad533ced0556,qa engineer
14dcd38f12f6f8047d459a88d3e19479,canadian payroll processor
fe80eb9757f5f2041a766459bbe48772,sr sales recruiter
54b47b3ea77fc42d7c1a7d0da9d9a64c,lead configuration
f7dc288f6a1f95e6dc406b96c28629f2,peoplesoft admin
68841449c8fcfcb5e7a790d85369e456,field tech
832a5bbfc28b16e3ffd662750c0f6342,data analyst
9c1d1f32b9378f01714baecb2edda16d,sr java developer
315c205b424cef1033554c66e5c3ed7a,analyst
b572098f6db56faadc996107287ef0f1,business analyst
24098e69f909d5f031fec26f0efb05a4,environmental
0dab208cc33c7ef554eaa6cbd6d3fff2,reporting analyst
b31940e27ac5aa825cdbdfe0e6577932,sr technical writer
9c4ac672e80ae1a4948cbe8072bbdae8,pricing analyst
2287fc6a42b15ae06caf49ef44100ceb,project coordinator
6c8ab97013381468ce84b34dad01cb35,net developer
d7642ad0c528ad2065bf68974f50d006,clinical contracts associate
c581ca1dcbf000735cbf7b200e6702f2,renewable energy coordinator
30eb79c1ba557c20d61efffcfd7231e6,level
1ca7936d041522741db9b879832cadf7,marketing analyst
fa65075f56fb1481c9fb15bd5e98ed1f,rn
47ba5352412978d0193e1d0cbdc03f1a,accountant
e990c7cd49c4fa8df13b25f992ac79cf,network engineer
8728feceb32afd1b70eb2918e52e8850,p
6be48237eb51cd98cc9bacf6c4f4915c,inventory
db03af5c90ba4e1ddc9542d5094c8cba,customer service rep
b7c2ece167b894006d2f29699d1de45d,energy specialist
4c2b33e5e332adb363f1de15ed797203,cnc press brake operator
2a72874eae736c01322d5341baf322bc,tool
2e857cdc734ff0768bf82817370daed8,production supervisor
a2b8e01b118c023d66ccd118eb525bdd,environmental
9b50e843785e2ded6c16fdf32def6e35,application pm
b73243fb8c14c1ce7f659959032b4f2a,mailroom clerk
e51b9fb3759a392b61482465d999be74,case mgr
2c0f525274b36e23f01d85b5fd7528e6,jr infosec audit analyst
1d5766b6e0c1070d65ef6f64549bb114,contract benefits associate
2477495f0e01836b4ba609812a6c0efc,financial analyst
677b7ad995ee41b046977f1d9ee1b586,temporary operations project
45966ea31921926f0a6b1841fe0e8881,associate scientist
18c248503e102bfa72d23ac693ad2488,chemist
0946098c4557f09a437803b14d8ae88a,technical writer
85a08bb7981e2db40b342504855f781d,bi pm
5a59cfb8f8e39fa7b24626cbe8d6ffa5,pm
d2798fcd8fe44f7bf2490f396f4fa8be,project coordinator
652af0b6bae703b92ca4e063ef0a0251,project coordinator
a1ea5b613ee18fb7e064ba11b6ee829f,project coordinator
77ef5393755b3bce09c0a3cb14fe5437,pm
9bdbe05a4826f0d821c7a40a9e0bd883,qa inspector
f172f5fa4e04ec9c127b310cac0ae4fa,securities operations
80a88f4999c40052894ad35a93223971,anti-money laundering specialist
342b461078d8d295c3b3b729d76c5e19,change control assistant
b7da6c77256ab5d68e0e3054db56288b,assembler
0b8c74ff5dd755d611ef00a7f6af3895,conference coordinator at law firm
18020bd032f2e554a1e1dd6cc3598ce9,microsoft exchange admin
bf91a2d23ea593cd6caf00ace9b1f415,sr systems admin
a03129060cd944ddc360ea7d624d8da1,sr net developer
3589273933178c643f6d2ba3b696fbab,android mobile application developer
cc44dd0dea94ec1a2e7714d4d0f7d0dd,oracle reports developer
dfafc4cc3b155428c70ecc2eecf9c05c,data analyst
09ce94ccff9c431bbf0eadb18777204b,st shift skilled trade position
a41f8111a88385034aa93ffea9ca1fbc,multiple customer service rep openings
769c9a65d35d44534c4f0e8cb4c9c17e,patient experience rep
9e3464d2f89542adebdaa8f5d8ce0035,payroll associate
c876ff37115f4056791377ea7166d900,account mgr
5a93ce6b005a49bed83970446ee44f83,business analyst
3650fa1e3d9d124e3045f1b57ad46eaf,shuttle driver
d3382296e9770bcf73d7f2629b232be9,lawn tech
7743c51c503450ed14cfefd81c5a5426,lawn tech
76052f4880499987773947110a1d65d3,quality control
4e2b0a3e9fe5f8721f6ab4692823d9a9,route sales rep
26512fdea3e6a1707f019e36f4994d0c,pc
3025426dd87635789cd964ada5c6ac8b,pc
163b1b46e68f6cd64dc9a2b559a2c09b,pc
11d14b6e274b2b6ea15884f53b44770c,pc
7505148e9f98a8fb2592528ab397ce4d,pc
a407ccb6353b3313e28633e8edca5f51,pc
55baa3d2c4e38044f8c8a9690c5b9d1c,registered nurse
1045c14df98cb3dab000ba285885a98d,medical lab
76a1ccc44f70a3c3ec07253ebf66552b,quality assurance admin
dbbf8b613436432f186df75f582f166a,environmental services division mgr
c4ca2a4321b9095fe81a64e397559d03,hydroelectric plant electrician
bbfea4764b5da08f213fffb540365ede,continuous improvement agent
5eaae0af06f434b723386a15c9e2d7a9,accounts payable
4a287bddd05b2acbf65f4c01da6260eb,sr systems engineer
41bf62e299f8d9a6fd0f6866830bb88d,physician clinical specialist
5875d29cf75530b5300772bf62a01adf,part-time mgr
